Designator,Mid X(mm),Mid Y(mm),Layer,Rotation,Package,Note
C1,37.3888,24.7142,Top,90,C1210,"origin=board corner; Eagle rotation, check vs. fab library"
C2,40.2082,24.2570,Top,90,C0805,"origin=board corner; Eagle rotation, check vs. fab library"
C3,36.4998,18.6436,Top,180,C1206,"origin=board corner; Eagle rotation, check vs. fab library"
C4,36.9316,16.0782,Top,180,C0805,"origin=board corner; Eagle rotation, check vs. fab library"
C5,60.9092,23.2156,Top,270,C0805,"origin=board corner; Eagle rotation, check vs. fab library"
C6,16.8402,10.4902,Top,180,C0805,"origin=board corner; Eagle rotation, check vs. fab library"
C7,50.5206,9.8044,Top,270,C0805,"origin=board corner; Eagle rotation, check vs. fab library"
C8,62.1284,32.2326,Top,90,C0805,"origin=board corner; Eagle rotation, check vs. fab library"
C9,73.2536,32.3596,Top,270,C0805,"origin=board corner; Eagle rotation, check vs. fab library"
C10,76.1746,7.6962,Top,90,C0805,"origin=board corner; Eagle rotation, check vs. fab library"
C11,12.3952,29.7180,Top,0,C0805,"origin=board corner; Eagle rotation, check vs. fab library"
D1,14.4780,20.7518,Top,180,SMB,"origin=board corner; Eagle rotation, check vs. fab library"
D2,14.6558,25.5016,Top,180,SMB,"origin=board corner; Eagle rotation, check vs. fab library"
D3,47.8790,22.8854,Top,0,SOD123,"origin=board corner; Eagle rotation, check vs. fab library"
IC1,16.0274,5.6388,Top,90,T0252,"origin=board corner; Eagle rotation, check vs. fab library"
IC2,45.0088,18.3642,Top,270,TO252,"origin=board corner; Eagle rotation, check vs. fab library"
IC3,67.2338,20.2692,Top,0,SSOP28,"origin=board corner; Eagle rotation, check vs. fab library"
R1,20.9550,20.7518,Top,0,R1206,"origin=board corner; Eagle rotation, check vs. fab library"
R2,16.6878,17.2212,Top,180,R0805,"origin=board corner; Eagle rotation, check vs. fab library"
R3,12.7762,17.2212,Top,180,R0805,"origin=board corner; Eagle rotation, check vs. fab library"
R4,12.8270,10.4902,Top,0,R0805,"origin=board corner; Eagle rotation, check vs. fab library"
R5,45.9740,9.8044,Top,90,R0805,"origin=board corner; Eagle rotation, check vs. fab library"
R6,60.9092,19.3040,Top,270,R0805,"origin=board corner; Eagle rotation, check vs. fab library"
R7,16.7894,13.9192,Top,0,R0805,"origin=board corner; Eagle rotation, check vs. fab library"
R8,12.8270,13.9192,Top,0,R0805,"origin=board corner; Eagle rotation, check vs. fab library"
R9,48.2600,9.8044,Top,270,R0805,"origin=board corner; Eagle rotation, check vs. fab library"
R10,60.0456,32.2326,Top,90,R0805,"origin=board corner; Eagle rotation, check vs. fab library"
R11,71.2470,32.3596,Top,90,R0805,"origin=board corner; Eagle rotation, check vs. fab library"
R12,73.9902,7.6962,Top,90,R0805,"origin=board corner; Eagle rotation, check vs. fab library"
R13,25.4508,3.3528,Top,180,R0805,"origin=board corner; Eagle rotation, check vs. fab library"
R14,17.0434,29.7942,Top,180,R0805,"origin=board corner; Eagle rotation, check vs. fab library"
R15,21.1836,29.7942,Top,180,R0805,"origin=board corner; Eagle rotation, check vs. fab library"
R16,50.0380,33.3756,Top,180,R1206,"origin=board corner; Eagle rotation, check vs. fab library"
