Comment,Designator,Footprint,Qty,Digikey
4.7uf,C1,1210,1,399-7049-1-ND
100nf,"C2,C4,C5,C11",805,4,1276-6557-1-ND
10uf,C3,1206,1,587-3485-1-ND
1uf,"C6,C7,C9,C10",805,4,1276-6606-1-ND
10nf,C8,805,1,1276-6845-1-ND
Diode Schottky,D1,SMB,1,B190BQ-13-FDICT-ND
Diode TVS,D2,SMB,1,F6314CT-ND
Diode Schottky,D3,SOD123F,1,NRVTS245ESFT1GOSCT-ND
NFET,IC1,TO-252,1,1727-5508-1-ND
5V Reg,IC2,TO-252-3,1,NCV78M05BDTRKGOSCT-ND
CY8C24423A-24PVXI,IC3,28-SSOP,1,Will supply part
10,R1,1206,1,RMCF1206JT10R0CT-ND
4.7k,R14,805,1,RMCF0805FT4K70CT-ND
1.2k,R15,805,1,RMCF0805FT1K20CT-ND
100,R16,1206,1,RMCF1206JT100RCT-ND
1k,"R2,R6,R8,R11,R12,R13",805,6,RMCF0805FT1K00CT-ND
1k 0.1%,"R5,R9",805,2,P1.0KDACT-ND
61.9 0.1%,R3,805,1,P61.9DACT-ND
10k,R10,805,1,RMCF0805FT10K0CT-ND
10k 0.1%,R4,805,1,P10KDACT-ND
120k,R7,805,1,RMCF0805FT120KCT-ND
